﻿<?xml version="1.0" encoding="UTF-8" standalone="yes"?>
<addon id="danchiche.kodi" name="Danchiche Kodi TV Add-ons" version="1.0.0" provider-name="Dan Chicheportiche">
    <extension point="xbmc.addon.repository" name="Danchiche Kodi TV Add-ons">
        <dir>
            <info compressed="false">https://raw.githubusercontent.com/danchiche/kodi/master/addons.xml</info>
            <checksum>https://raw.githubusercontent.com/danchiche/kodi/master/addons.xml.md5</checksum>
            <datadir compressed="false">https://raw.githubusercontent.com/danchiche/kodi/master/data</datadir>
        </dir>
    </extension>
    <extension point="xbmc.addon.metadata">
        <summary>Install add-ons from Danchiche's Kodi add-on repository</summary>
        <description>Danchiche's Kodi Repository</description>
        <platform>all</platform>
    </extension>
</addon>